Title,Media URL,Pinterest board,Description,Link
Kindergarten Addition Worksheets - 10 Printable Practice Pages + Answer Key - Instant Download,https://raw.githubusercontent.com/cde67/brightpath-worksheets-automation/main/pins/kindergarten_addition.png,Homeschool Math Worksheets,"Help your kindergarten student master addition with this printable worksheet bundle. Includes 10 practice pages plus a matching answer key, ready to print at home or in the classroom. Instant digital download - no waiting, no shipping.

Perfect for homeschool, classroom practice, or extra review at home.",https://cdecreek.gumroad.com/l/nkdigo
Kindergarten Subtraction Worksheets - 10 Printable Practice Pages + Answer Key - Instant Download,https://raw.githubusercontent.com/cde67/brightpath-worksheets-automation/main/pins/kindergarten_subtraction.png,Homeschool Math Worksheets,"Help your kindergarten student master subtraction with this printable worksheet bundle. Includes 10 practice pages plus a matching answer key, ready to print at home or in the classroom. Instant digital download - no waiting, no shipping.

Perfect for homeschool, classroom practice, or extra review at home.",https://cdecreek.gumroad.com/l/tkwtqw
1st Grade Addition Worksheets - 10 Printable Practice Pages + Answer Key - Instant Download,https://raw.githubusercontent.com/cde67/brightpath-worksheets-automation/main/pins/1st_grade_addition.png,Homeschool Math Worksheets,"Help your 1st grade student master addition with this printable worksheet bundle. Includes 10 practice pages plus a matching answer key, ready to print at home or in the classroom. Instant digital download - no waiting, no shipping.

Perfect for homeschool, classroom practice, or extra review at home.",https://cdecreek.gumroad.com/l/dujuwe
1st Grade Subtraction Worksheets - 10 Printable Practice Pages + Answer Key - Instant Download,https://raw.githubusercontent.com/cde67/brightpath-worksheets-automation/main/pins/1st_grade_subtraction.png,Homeschool Math Worksheets,"Help your 1st grade student master subtraction with this printable worksheet bundle. Includes 10 practice pages plus a matching answer key, ready to print at home or in the classroom. Instant digital download - no waiting, no shipping.

Perfect for homeschool, classroom practice, or extra review at home.",https://cdecreek.gumroad.com/l/jahgfe
2nd Grade Addition Worksheets - 10 Printable Practice Pages + Answer Key - Instant Download,https://raw.githubusercontent.com/cde67/brightpath-worksheets-automation/main/pins/2nd_grade_addition.png,Homeschool Math Worksheets,"Help your 2nd grade student master addition with this printable worksheet bundle. Includes 10 practice pages plus a matching answer key, ready to print at home or in the classroom. Instant digital download - no waiting, no shipping.

Perfect for homeschool, classroom practice, or extra review at home.",https://cdecreek.gumroad.com/l/qnlreu
2nd Grade Subtraction Worksheets - 10 Printable Practice Pages + Answer Key - Instant Download,https://raw.githubusercontent.com/cde67/brightpath-worksheets-automation/main/pins/2nd_grade_subtraction.png,Homeschool Math Worksheets,"Help your 2nd grade student master subtraction with this printable worksheet bundle. Includes 10 practice pages plus a matching answer key, ready to print at home or in the classroom. Instant digital download - no waiting, no shipping.

Perfect for homeschool, classroom practice, or extra review at home.",https://cdecreek.gumroad.com/l/sdwcpk
2nd Grade Multiplication Worksheets - 10 Printable Practice Pages + Answer Key - Instant Download,https://raw.githubusercontent.com/cde67/brightpath-worksheets-automation/main/pins/2nd_grade_multiplication.png,Homeschool Math Worksheets,"Help your 2nd grade student master multiplication with this printable worksheet bundle. Includes 10 practice pages plus a matching answer key, ready to print at home or in the classroom. Instant digital download - no waiting, no shipping.

Perfect for homeschool, classroom practice, or extra review at home.",https://cdecreek.gumroad.com/l/gkvnze
3rd Grade Multiplication Worksheets - 10 Printable Practice Pages + Answer Key - Instant Download,https://raw.githubusercontent.com/cde67/brightpath-worksheets-automation/main/pins/3rd_grade_multiplication.png,Homeschool Math Worksheets,"Help your 3rd grade student master multiplication with this printable worksheet bundle. Includes 10 practice pages plus a matching answer key, ready to print at home or in the classroom. Instant digital download - no waiting, no shipping.

Perfect for homeschool, classroom practice, or extra review at home.",https://cdecreek.gumroad.com/l/bkioi
3rd Grade Division Worksheets - 10 Printable Practice Pages + Answer Key - Instant Download,https://raw.githubusercontent.com/cde67/brightpath-worksheets-automation/main/pins/3rd_grade_division.png,Homeschool Math Worksheets,"Help your 3rd grade student master division with this printable worksheet bundle. Includes 10 practice pages plus a matching answer key, ready to print at home or in the classroom. Instant digital download - no waiting, no shipping.

Perfect for homeschool, classroom practice, or extra review at home.",https://cdecreek.gumroad.com/l/vwkliy
3rd Grade Addition Worksheets - 10 Printable Practice Pages + Answer Key - Instant Download,https://raw.githubusercontent.com/cde67/brightpath-worksheets-automation/main/pins/3rd_grade_addition.png,Homeschool Math Worksheets,"Help your 3rd grade student master addition with this printable worksheet bundle. Includes 10 practice pages plus a matching answer key, ready to print at home or in the classroom. Instant digital download - no waiting, no shipping.

Perfect for homeschool, classroom practice, or extra review at home.",https://cdecreek.gumroad.com/l/nmchmq
